{"cameraMode":{"drawMode":0,"name":"Shaded","section":"Shading Mode"},"sceneLighting":true,"audioPlay":false,"sceneViewState":{"m_AlwaysRefresh":false,"showFog":true,"showSkybox":true,"showFlares":true,"showImageEffects":true,"showParticleSystems":true,"showVisualEffectGraphs":true,"m_FxEnabled":true},"in2DMode":false,"pivot":{"x":25.24822998046875,"y":13.066048622131348,"z":62.522281646728519},"rotation":{"x":-0.03883548453450203,"y":0.5141239762306213,"z":-0.023310568183660508,"w":-0.8565263748168945},"size":16.66643714904785,"orthographic":false}