{"cameraMode":{"drawMode":0,"name":"Shaded","section":"Shading Mode"},"sceneLighting":true,"audioPlay":false,"sceneViewState":{"m_AlwaysRefresh":false,"showFog":true,"showSkybox":false,"showFlares":true,"showImageEffects":true,"showParticleSystems":true,"showVisualEffectGraphs":true,"m_FxEnabled":true},"in2DMode":false,"pivot":{"x":0.7772670984268189,"y":0.2495746910572052,"z":0.7134864330291748},"rotation":{"x":-0.01141551323235035,"y":0.7817036509513855,"z":-0.014314430765807629,"w":-0.6233899593353272},"size":0.8644382953643799,"orthographic":false}