{"cameraMode":{"drawMode":0,"name":"Shaded","section":"Shading Mode"},"sceneLighting":true,"audioPlay":false,"sceneViewState":{"m_AlwaysRefresh":false,"showFog":true,"showSkybox":false,"showFlares":true,"showImageEffects":true,"showParticleSystems":true,"showVisualEffectGraphs":true,"m_FxEnabled":true},"in2DMode":false,"pivot":{"x":0.4620256721973419,"y":0.0668872594833374,"z":0.2556232511997223},"rotation":{"x":-0.04508989676833153,"y":0.09485616534948349,"z":-0.0043012043461203579,"w":-0.994465172290802},"size":0.16018643975257874,"orthographic":false}