{"cameraMode":{"drawMode":0,"name":"Shaded","section":"Shading Mode"},"sceneLighting":true,"audioPlay":false,"sceneViewState":{"m_AlwaysRefresh":false,"showFog":true,"showSkybox":false,"showFlares":true,"showImageEffects":true,"showParticleSystems":true,"showVisualEffectGraphs":true,"m_FxEnabled":true},"in2DMode":false,"pivot":{"x":-0.0878482386469841,"y":0.10100790113210678,"z":1.6074457168579102},"rotation":{"x":-0.030937541276216508,"y":0.6513674259185791,"z":-0.026597091928124429,"w":-0.7576715350151062},"size":0.7393065094947815,"orthographic":false}